url,page_type,cidade,title_current,title_length,title_mobile_length,title_issues,meta_current,meta_length,meta_mobile_length,meta_issues,total_issues,status
anapolis-go/aluguel-de-empilhadeira-combustao/index.html,aluguel,Anapolis,Aluguel de Empilhadeira a Combustão em Anápolis | Movemáquinas,62,50,Marca 'Clark' ausente (recomendado para diferencial),"Empilhadeira a combustão para locação em Anápolis: GLP e diesel Clark de 2.000 a 8.000 kg. DAIA, Porto Seco, distribuição. Entrega via BR-153, manutenção inclusa.",162,120,"Meta muito longa (162 chars, ideal <160); CTA ausente na parte mobile (adicione: chamar, solicitar, etc.); Diferencial ausente na parte mobile",4,⚠️ 4 issue(s)
anapolis-go/aluguel-de-plataforma-elevatoria-articulada/index.html,aluguel,Anapolis,Aluguel de Plataforma Elevatória Articulada em Anápolis | Movemáquinas,70,50,Marca 'Clark' ausente (recomendado para diferencial),"Plataforma articulada para locação em Anápolis valor sob consulta. Modelos de 12 e 15m para manutenção de galpões no DAIA, fábricas farmacêuticas e obras industriais. Entrega em 24h via BR-153. Movemáquinas: distribuidor Clark autorizado.",238,120,"Meta muito longa (238 chars, ideal <160); CTA ausente na parte mobile (adicione: chamar, solicitar, etc.)",3,⚠️ 3 issue(s)
anapolis-go/aluguel-de-plataforma-elevatoria-tesoura/index.html,aluguel,Anapolis,Aluguel de Plataforma Elevatória Tesoura em Anápolis | Movemáquinas,67,50,Marca 'Clark' ausente (recomendado para diferencial),"Plataforma tesoura para locação em Anápolis: elétrica para fábricas do DAIA (zero emissão, Anvisa) e diesel para pátios industriais. 8 a 15m, entrega via BR-153 em 24h.",168,120,"Meta muito longa (168 chars, ideal <160); CTA ausente na parte mobile (adicione: chamar, solicitar, etc.); Diferencial ausente na parte mobile",4,⚠️ 4 issue(s)
anapolis-go/aluguel-de-transpaleteira/index.html,aluguel,Anapolis,Aluguel de Transpaleteira Elétrica em Anápolis | Movemáquinas,61,50,Marca 'Clark' ausente (recomendado para diferencial),"Transpaleteira elétrica Clark para locação em Anápolis: lítio 24V para câmaras frias do DAIA, patolada para Porto Seco. 5 modelos, entrega BR-153, manutenção inclusa.",166,120,"Meta muito longa (166 chars, ideal <160); CTA ausente na parte mobile (adicione: chamar, solicitar, etc.); Diferencial ausente na parte mobile",4,⚠️ 4 issue(s)
anapolis-go/curso-de-operador-de-empilhadeira/index.html,curso,Anapolis,Curso de Operador de Empilhadeira NR-11 em Anápolis | Movemáquinas,66,50,Marca 'Clark' ausente (recomendado para diferencial),"Curso de operador de empilhadeira NR-11 em Anápolis: certificação nacional, aulas práticas e teóricas. In-company no DAIA. +4.000 operadores formados. Movemáquinas.",164,120,"Meta muito longa (164 chars, ideal <160); CTA ausente na parte mobile (adicione: chamar, solicitar, etc.); Diferencial ausente na parte mobile",4,⚠️ 4 issue(s)
anapolis-go/index.html,other,Move Maquinas Seo,Aluguel de Equipamentos em Anápolis | Movemáquinas,50,50,✅,"Locação de empilhadeiras, plataformas elevatórias e transpaleteiras em Anápolis, GO. Frota Clark, manutenção inclusa, entrega rápida. Movemáquinas.",147,120,✅,0,✅ OK
anapolis-go/manutencao-empilhadeira/index.html,manutencao,Anapolis,Manutenção de Empilhadeira em Anápolis | Preventiva e Corretiva Clark | Movemáquinas,84,50,"Title muito longo (84 chars, ideal <70)","Manutenção preventiva e corretiva de empilhadeira em Anápolis. Técnicos certificados Clark, atendimento in loco, plano de revisões. Movemáquinas: +20 anos no mercado.",166,120,"Meta muito longa (166 chars, ideal <160); CTA ausente na parte mobile (adicione: chamar, solicitar, etc.)",3,⚠️ 3 issue(s)
anapolis-go/pecas-e-assistencia-empilhadeira/index.html,pecas,Anapolis,Peças para Empilhadeira em Anápolis | Assistência Clark | Movemáquinas,70,50,✅,"Peças originais Clark e assistência técnica para empilhadeira em Anápolis. Garfos, mastro, hidráulico, motor. Entrega rápida, técnicos certificados. Movemáquinas: +20 anos de mercado.",183,120,"Meta muito longa (183 chars, ideal <160); CTA ausente na parte mobile (adicione: chamar, solicitar, etc.)",2,⚠️ 2 issue(s)
aparecida-de-goiania-go/aluguel-de-empilhadeira-combustao/index.html,aluguel,Aparecida Deiania,Aluguel de Empilhadeira Combustão em Aparecida de Goiânia | Move Máquinas,73,50,"Title muito longo (73 chars, ideal <70); Marca 'Clark' ausente (recomendado para diferencial)",,0,0,"CTA ausente na parte mobile (adicione: chamar, solicitar, etc.); Diferencial ausente na parte mobile; Localidade ausente (adicione cidade)",5,⚠️ 5 issue(s)
aparecida-de-goiania-go/aluguel-de-plataforma-elevatoria-articulada/index.html,aluguel,Aparecida Deiania,Aluguel de Plataforma Articulada em Aparecida de Goiânia | Move Máquinas,72,50,"Title muito longo (72 chars, ideal <70); Marca 'Clark' ausente (recomendado para diferencial)",,0,0,"CTA ausente na parte mobile (adicione: chamar, solicitar, etc.); Diferencial ausente na parte mobile; Localidade ausente (adicione cidade)",5,⚠️ 5 issue(s)
aparecida-de-goiania-go/aluguel-de-plataforma-elevatoria-tesoura/index.html,aluguel,Aparecida Deiania,Aluguel de Plataforma Tesoura em Aparecida de Goiânia | Move Máquinas,69,50,Marca 'Clark' ausente (recomendado para diferencial),,0,0,"CTA ausente na parte mobile (adicione: chamar, solicitar, etc.); Diferencial ausente na parte mobile; Localidade ausente (adicione cidade)",4,⚠️ 4 issue(s)
aparecida-de-goiania-go/aluguel-de-transpaleteira/index.html,aluguel,Aparecida Deiania,Aluguel de Transpaleteira Elétrica em Aparecida de Goiânia | Move Máquinas,74,50,"Title muito longo (74 chars, ideal <70); Marca 'Clark' ausente (recomendado para diferencial)",,0,0,"CTA ausente na parte mobile (adicione: chamar, solicitar, etc.); Diferencial ausente na parte mobile; Localidade ausente (adicione cidade)",5,⚠️ 5 issue(s)
aparecida-de-goiania-go/curso-de-operador-de-empilhadeira/index.html,curso,Aparecida Deiania,Curso de Operador de Empilhadeira NR-11 em Aparecida de Goiânia | Move Máquinas,79,50,"Title muito longo (79 chars, ideal <70); Marca 'Clark' ausente (recomendado para diferencial)",,0,0,"CTA ausente na parte mobile (adicione: chamar, solicitar, etc.); Diferencial ausente na parte mobile; Localidade ausente (adicione cidade)",5,⚠️ 5 issue(s)
aparecida-de-goiania-go/index.html,other,Move Maquinas Seo,Aluguel de Equipamentos em Aparecida de Goiânia | Movemáquinas,62,50,✅,"Locação de empilhadeiras, plataformas elevatórias e transpaleteiras em Aparecida de Goiânia, GO. Frota Clark, manutenção inclusa, entrega rápida. Movemáquinas.",159,120,✅,0,✅ OK
aparecida-de-goiania-go/manutencao-empilhadeira/index.html,manutencao,Aparecida Deiania,Manutenção de Empilhadeira em Aparecida de Goiânia | Preventiva e Corretiva Clark | Movemáquinas,96,50,"Title muito longo (96 chars, ideal <70)","Manutenção preventiva e corretiva de empilhadeira em Aparecida de Goiânia. Técnicos certificados Clark, atendimento in loco, plano de revisões. Movemáquinas: +20 anos no mercado.",178,120,"Meta muito longa (178 chars, ideal <160); CTA ausente na parte mobile (adicione: chamar, solicitar, etc.)",3,⚠️ 3 issue(s)
aparecida-de-goiania-go/pecas-e-assistencia-empilhadeira/index.html,pecas,Aparecida Deiania,Peças para Empilhadeira em Aparecida de Goiânia | Assistência Clark | Movemáquinas,82,50,"Title muito longo (82 chars, ideal <70)","Peças originais Clark e assistência técnica para empilhadeira em Aparecida de Goiânia. Garfos, mastro, hidráulico, motor. Entrega rápida, técnicos certificados. Movemáquinas: +20 anos de mercado.",195,120,"Meta muito longa (195 chars, ideal <160); CTA ausente na parte mobile (adicione: chamar, solicitar, etc.); Diferencial ausente na parte mobile",4,⚠️ 4 issue(s)
author/marcio-lima/index.html,other,Author,Márcio Lima | Especialista em Locação de Equipamentos Industriais,65,50,✅,"Márcio Lima é Diretor Comercial da Move Máquinas, com mais de 20 anos de experiência em locação de empilhadeiras, plataformas elevatórias e equipamentos industriais no Centro-Oeste do Brasil.",191,120,"Meta muito longa (191 chars, ideal <160)",1,⚠️ 1 issue(s)
blog/alugar-ou-comprar/index.html,blog,Blog,Alugar ou Comprar Empilhadeira: Quando Vale Cada Opção | MoveMáquinas,69,50,✅,"Alugar ou comprar empilhadeira? Comparativo imparcial com dados reais: TCO de 24 meses, custos ocultos, cenários onde cada opção vence. Tabela lado a lado para decidir com segurança.",182,120,"Meta muito longa (182 chars, ideal <160)",1,⚠️ 1 issue(s)
blog/andaime-vilao-cronograma-obra/index.html,blog,Blog,Por que Andaime é o Maior Vilão do Cronograma da Sua Obra | MoveMáquinas,72,50,"Title muito longo (72 chars, ideal <70)",Descubra quantos dias por pavimento o ciclo monta-desmonta do andaime rouba do seu cronograma. Conta real com dados de canteiro e alternativas que não param a obra.,164,120,"Meta muito longa (164 chars, ideal <160)",2,⚠️ 2 issue(s)
blog/andaime-vs-plataforma-custo-real/index.html,blog,Blog,Andaime vs Plataforma Elevatória: Custo Real por Metro de Obra | MoveMáquinas,77,50,"Title muito longo (77 chars, ideal <70)","Comparativo com dados reais: custo por m² executado, breakdown de 6 linhas do andaime, cenário de 500 m² e 3 situações onde andaime ainda compensa.",147,120,✅,1,⚠️ 1 issue(s)
blog/index.html,blog,Move Maquinas Seo,Blog | Move Maquinas — Conteudo Tecnico sobre Equipamentos Industriais,70,50,✅,"Blog da Move Maquinas: guias, comparativos, cases e analises sobre empilhadeiras, plataformas elevatorias, transpaleteiras, pecas e normas NR-11.",145,120,✅,0,✅ OK
blog/plataforma-nr35-responsabilidade/index.html,blog,Blog,Trabalho em Altura e NR-35: O que o Engenheiro Precisa Garantir | MoveMáquinas,78,50,"Title muito longo (78 chars, ideal <70)","NR-35 na prática: checklist de inspeção, APR, Permissão de Trabalho e responsabilidades do engenheiro. Guia completo com procedimentos e soluções para trabalho em altura seguro.",177,120,"Meta muito longa (177 chars, ideal <160)",2,⚠️ 2 issue(s)
brasilia-df/aluguel-de-empilhadeira-combustao/index.html,aluguel,Brasilia,Locação de Empilhadeira a Combustão em Brasília-DF | Movemáquinas,65,50,Keyword 'aluguel/alugar' ausente; Marca 'Clark' ausente (recomendado para diferencial),"Empilhadeira Clark a combustão para locação em Brasília. L25, GTS, S-Series e C-Series de 2.000 a 8.000 kg. Atende galpões logísticos do SIA, CDs de atacadistas em Taguatinga e Ceilândia, construção civil e Polo JK. Entrega via BR-060, manutenção inclusa.",255,120,"Meta muito longa (255 chars, ideal <160); CTA ausente na parte mobile (adicione: chamar, solicitar, etc.); Diferencial ausente na parte mobile",5,⚠️ 5 issue(s)
brasilia-df/aluguel-de-plataforma-elevatoria-articulada/index.html,aluguel,Brasilia,Locação de Plataforma Articulada em Brasília-DF | Movemáquinas,62,50,Keyword 'aluguel/alugar' ausente; Marca 'Clark' ausente (recomendado para diferencial),"Plataforma articulada para locação em Brasília: 12 e 15 metros de alcance, diesel ou elétrica. Manutenção de edifícios governamentais na Esplanada, fachadas em Águas Claras e Asa Norte, galpões no SIA. Manutenção inclusa, entrega via BR-060. Valor sob consulta.",261,120,"Meta muito longa (261 chars, ideal <160); CTA ausente na parte mobile (adicione: chamar, solicitar, etc.)",4,⚠️ 4 issue(s)
brasilia-df/aluguel-de-plataforma-elevatoria-tesoura/index.html,aluguel,Brasilia,Locação de Plataforma Tesoura em Brasília-DF | Movemáquinas,59,50,Keyword 'aluguel/alugar' ausente; Marca 'Clark' ausente (recomendado para diferencial),"Plataforma elevatória tesoura para locação em Brasília-DF: modelos elétricos 8-10 m e diesel 12-15 m. Ideal para manutenção predial em shoppings como ParkShopping e Conjunto Nacional, edifícios comerciais do SIA e reformas em Águas Claras. Entrega via BR-060, manutenção inclusa.",279,120,"Meta muito longa (279 chars, ideal <160); CTA ausente na parte mobile (adicione: chamar, solicitar, etc.); Diferencial ausente na parte mobile",5,⚠️ 5 issue(s)
brasilia-df/aluguel-de-transpaleteira/index.html,aluguel,Brasilia,Locação de Transpaleteira Elétrica em Brasília-DF | Movemáquinas,64,50,Keyword 'aluguel/alugar' ausente; Marca 'Clark' ausente (recomendado para diferencial),"Transpaleteira elétrica Clark para locação em Brasília-DF. Modelos WPio15, PWio20, PPXs20, SWX16 e WPX35 com lítio 24V. Atendemos atacadistas do Atacadão, Assaí e Makro, CDs logísticos do SIA e indústria farmacêutica. Entrega via BR-060, manutenção inclusa.",257,120,"Meta muito longa (257 chars, ideal <160); CTA ausente na parte mobile (adicione: chamar, solicitar, etc.); Diferencial ausente na parte mobile",5,⚠️ 5 issue(s)
brasilia-df/curso-de-operador-de-empilhadeira/index.html,curso,Brasilia,Curso de Operador de Empilhadeira em Brasília-DF (NR-11) | Movemáquinas,71,50,"Title muito longo (71 chars, ideal <70); Marca 'Clark' ausente (recomendado para diferencial)","Curso NR-11 para operadores de empilhadeira em Brasília-DF. Treinamento teórico e prático com Clark, 22h de formação, certificado nacional. Atendemos CDs logísticos do SIA, obras de construção civil em Águas Claras e atacadistas. In Company no DF ou presencial na sede. +4.000 formados.",286,120,"Meta muito longa (286 chars, ideal <160); CTA ausente na parte mobile (adicione: chamar, solicitar, etc.); Diferencial ausente na parte mobile",5,⚠️ 5 issue(s)
brasilia-df/index.html,other,Move Maquinas Seo,Aluguel de Equipamentos em Brasília | Movemáquinas,50,50,✅,"Locação de empilhadeiras, plataformas elevatórias e transpaleteiras em Brasília, DF. Frota Clark, manutenção inclusa, entrega rápida. Movemáquinas.",147,120,✅,0,✅ OK
brasilia-df/manutencao-empilhadeira/index.html,manutencao,Brasilia,Manutenção de Empilhadeira em Brasília | Preventiva e Corretiva Clark | Movemáquinas,84,50,"Title muito longo (84 chars, ideal <70)","Manutenção preventiva e corretiva de empilhadeira em Brasília. Técnicos certificados Clark, atendimento in loco, plano de revisões. Movemáquinas: +20 anos no mercado.",166,120,"Meta muito longa (166 chars, ideal <160); CTA ausente na parte mobile (adicione: chamar, solicitar, etc.)",3,⚠️ 3 issue(s)
brasilia-df/pecas-e-assistencia-empilhadeira/index.html,pecas,Brasilia,Peças para Empilhadeira em Brasília | Assistência Clark | Movemáquinas,70,50,✅,"Peças originais Clark e assistência técnica para empilhadeira em Brasília. Garfos, mastro, hidráulico, motor. Entrega rápida, técnicos certificados. Movemáquinas: +20 anos de mercado.",183,120,"Meta muito longa (183 chars, ideal <160); CTA ausente na parte mobile (adicione: chamar, solicitar, etc.)",2,⚠️ 2 issue(s)
caldas-novas-go/aluguel-de-empilhadeira-combustao/index.html,aluguel,Caldas Novas,Locação de Empilhadeira a Combustão em Caldas Novas-GO | Movemáquinas,69,50,Keyword 'aluguel/alugar' ausente; Marca 'Clark' ausente (recomendado para diferencial),"Clark para Caldas Novas a combustão para locação em Caldas Novas valor sob consulta. Modelos L25, GTS, S-Series e C-Series de 2.000 a 8.000 kg. Ideal para canteiros de obras de hotéis e resorts, depósitos de materiais e distribuidoras. Manutenção inclusa, entrega via GO-139.",275,120,"Meta muito longa (275 chars, ideal <160); CTA ausente na parte mobile (adicione: chamar, solicitar, etc.); Diferencial ausente na parte mobile",5,⚠️ 5 issue(s)
caldas-novas-go/aluguel-de-plataforma-elevatoria-articulada/index.html,aluguel,Caldas Novas,Locação de Plataforma Articulada em Caldas Novas-GO | Movemáquinas,66,50,Keyword 'aluguel/alugar' ausente; Marca 'Clark' ausente (recomendado para diferencial),"Plataforma articulada para locação em Caldas Novas valor sob consulta. Manutenção de fachadas de hotéis e resorts, painéis em parques aquáticos e obras da expansão hoteleira. Modelos 12 e 15m, diesel ou elétrica. Entrega pela GO-139.",233,120,"Meta muito longa (233 chars, ideal <160); CTA ausente na parte mobile (adicione: chamar, solicitar, etc.)",4,⚠️ 4 issue(s)
caldas-novas-go/aluguel-de-plataforma-elevatoria-tesoura/index.html,aluguel,Caldas Novas,Plataforma Tesoura para Locação em Caldas Novas-GO | Movemáquinas,65,50,Keyword 'aluguel/alugar' ausente; Marca 'Clark' ausente (recomendado para diferencial),"Plataforma tesoura elétrica e diesel em Caldas Novas: silenciosa, zero emissão, perfeita para lobbies de resorts, áreas de piscina coberta e salões de eventos. Manutenção inclusa, entrega via GO-139. Movemáquinas.",213,120,"Meta muito longa (213 chars, ideal <160); CTA ausente na parte mobile (adicione: chamar, solicitar, etc.); Diferencial ausente na parte mobile",5,⚠️ 5 issue(s)
caldas-novas-go/aluguel-de-transpaleteira/index.html,aluguel,Caldas Novas,Transpaleteira Elétrica para Hotéis e Resorts em Caldas Novas | Movemáquinas,76,50,"Title muito longo (76 chars, ideal <70); Keyword 'aluguel/alugar' ausente; Marca 'Clark' ausente (recomendado para diferencial)","Locação de transpaleteira elétrica Clark em Caldas Novas. Modelos WPio15, PWio20, PPXs20, SWX16 e WPX35 com lítio 24V para almoxarifados de hotéis, cozinhas industriais de resorts e lavanderias do polo turístico. Manutenção inclusa, entrega pela GO-139.",253,120,"Meta muito longa (253 chars, ideal <160); CTA ausente na parte mobile (adicione: chamar, solicitar, etc.); Diferencial ausente na parte mobile",6,⚠️ 6 issue(s)
caldas-novas-go/curso-de-operador-de-empilhadeira/index.html,curso,Caldas Novas,Curso de Operador de Empilhadeira NR-11 em Caldas Novas-GO | Movemáquinas,73,50,"Title muito longo (73 chars, ideal <70); Marca 'Clark' ausente (recomendado para diferencial)","Treinamento NR-11 para operadores de empilhadeira em Caldas Novas. Formação prática com Clark voltada ao 106 hotéis, parques aquáticos e canteiros de construção de novos resorts no principal destino turístico de Goiás. 22h, certificado nacional válido 2 anos. Turmas presenciais e In Company nas indústrias da GO-139.",317,120,"Meta muito longa (317 chars, ideal <160); CTA ausente na parte mobile (adicione: chamar, solicitar, etc.); Diferencial ausente na parte mobile",5,⚠️ 5 issue(s)
caldas-novas-go/index.html,other,Move Maquinas Seo,Aluguel de Equipamentos em Caldas Novas | Movemáquinas,54,50,✅,"Locação de empilhadeiras, plataformas elevatórias e transpaleteiras em Caldas Novas, GO. Frota Clark, manutenção inclusa, entrega rápida. Movemáquinas.",151,120,✅,0,✅ OK
caldas-novas-go/manutencao-empilhadeira/index.html,manutencao,Caldas Novas,Manutenção de Empilhadeira em Caldas Novas | Preventiva e Corretiva Clark | Movemáquinas,88,50,"Title muito longo (88 chars, ideal <70)","Manutenção preventiva e corretiva de empilhadeira em Caldas Novas. Técnicos certificados Clark, atendimento in loco, plano de revisões. Movemáquinas: +20 anos no mercado.",170,120,"Meta muito longa (170 chars, ideal <160); CTA ausente na parte mobile (adicione: chamar, solicitar, etc.)",3,⚠️ 3 issue(s)
caldas-novas-go/pecas-e-assistencia-empilhadeira/index.html,pecas,Caldas Novas,Peças para Empilhadeira em Caldas Novas | Assistência Clark | Movemáquinas,74,50,"Title muito longo (74 chars, ideal <70)","Peças originais Clark e assistência técnica para empilhadeira em Caldas Novas. Garfos, mastro, hidráulico, motor. Entrega rápida, técnicos certificados. Movemáquinas: +20 anos de mercado.",187,120,"Meta muito longa (187 chars, ideal <160); CTA ausente na parte mobile (adicione: chamar, solicitar, etc.); Diferencial ausente na parte mobile",4,⚠️ 4 issue(s)
cidades-atendidas/index.html,other,Move Maquinas Seo,"Cidades Atendidas | Movemáquinas, Empilhadeiras GO",50,50,✅,"Veja as cidades atendidas pela Movemáquinas. Locação de empilhadeiras e plataformas elevatórias em mais de 60 municípios de Goiás, Distrito Federal e Tocantins.",160,120,✅,0,✅ OK
contato/index.html,other,Move Maquinas Seo,"Contato | Movemáquinas, Empilhadeiras em Goiânia GO",51,50,✅,"Fale com a Movemáquinas por WhatsApp, telefone ou formulário. Atendimento em Goiânia para locação de empilhadeiras, plataformas elevatórias e transpaleteiras.",158,120,✅,0,✅ OK
cookies/index.html,other,Move Maquinas Seo,Politica de Cookies | Move Maquinas,35,35,✅,"Saiba quais cookies o site Move Maquinas utiliza, para que servem e como gerencia-los no seu navegador.",103,103,✅,0,✅ OK
formosa-go/aluguel-de-empilhadeira-combustao/index.html,aluguel,Formosa,Empilhadeira a Combustão para Locação em Formosa-GO | Movemáquinas,66,50,Keyword 'aluguel/alugar' ausente; Marca 'Clark' ausente (recomendado para diferencial),"Empilhadeira Clark Formosa a combustão para locação em Formosa-GO valor sob consulta. Modelos L25, GTS, S-Series e C-Series entre 2 e 8 toneladas. Ideal para armazéns graneleiros, cooperativas agrícolas e centros de distribuição da BR-020. Manutenção inclusa no contrato.",271,120,"Meta muito longa (271 chars, ideal <160); CTA ausente na parte mobile (adicione: chamar, solicitar, etc.); Diferencial ausente na parte mobile",5,⚠️ 5 issue(s)
formosa-go/aluguel-de-plataforma-elevatoria-articulada/index.html,aluguel,Formosa,Plataforma Articulada para Locação em Formosa-GO | Movemáquinas,63,50,Keyword 'aluguel/alugar' ausente; Marca 'Clark' ausente (recomendado para diferencial),"Locação de plataforma articulada 12 e 15m em Formosa-GO. Alcance lateral para silos graneleiros, armazéns de cooperativas e indústrias do ProGoiás. Diesel ou elétrica, manutenção inclusa. Movemáquinas: entrega via BR-020.",221,120,"Meta muito longa (221 chars, ideal <160); CTA ausente na parte mobile (adicione: chamar, solicitar, etc.); Diferencial ausente na parte mobile",5,⚠️ 5 issue(s)
formosa-go/aluguel-de-plataforma-elevatoria-tesoura/index.html,aluguel,Formosa,Plataforma Tesoura para Locação em Formosa-GO | Movemáquinas,60,50,Keyword 'aluguel/alugar' ausente; Marca 'Clark' ausente (recomendado para diferencial),"Plataforma tesoura elétrica e diesel de 8 a 15m em Formosa-GO. Ideal para armazéns graneleiros, galpões de cooperativas agrícolas e indústrias ProGoiás. Entrega via BR-020/GO-116, manutenção inclusa no contrato. Movemáquinas.",225,120,"Meta muito longa (225 chars, ideal <160); CTA ausente na parte mobile (adicione: chamar, solicitar, etc.); Diferencial ausente na parte mobile",5,⚠️ 5 issue(s)
formosa-go/aluguel-de-transpaleteira/index.html,aluguel,Formosa,Locação de Transpaleteira Elétrica em Formosa-GO | Movemáquinas,63,50,Keyword 'aluguel/alugar' ausente; Marca 'Clark' ausente (recomendado para diferencial),"Locação de transpaleteira elétrica Clark em Formosa-GO para armazéns de grãos, cooperativas agrícolas e comércio varejista da BR-020. Modelos WPio15 a WPX35 com lítio 24V. Sacas de 60kg, big bags e paletes de insumos. Manutenção inclusa, entrega pela BR-020/GO-116.",265,120,"Meta muito longa (265 chars, ideal <160); CTA ausente na parte mobile (adicione: chamar, solicitar, etc.); Diferencial ausente na parte mobile",5,⚠️ 5 issue(s)
formosa-go/curso-de-operador-de-empilhadeira/index.html,curso,Formosa,Curso de Operador de Empilhadeira NR-11 em Formosa-GO | Movemáquinas,68,50,Marca 'Clark' ausente (recomendado para diferencial),"Treinamento NR-11 para operadores de empilhadeira em Formosa. Formação prática com Clark voltada ao armazéns graneleiros de grãos e milho, cooperativas agrícolas e as 4 indústrias do programa ProGoiás. 22h, certificado nacional válido 2 anos. Turmas presenciais e In Company nas indústrias da BR-020.",300,120,"Meta muito longa (300 chars, ideal <160); CTA ausente na parte mobile (adicione: chamar, solicitar, etc.); Diferencial ausente na parte mobile",4,⚠️ 4 issue(s)
formosa-go/index.html,other,Move Maquinas Seo,Aluguel de Equipamentos em Formosa | Movemáquinas,49,49,✅,"Locação de empilhadeiras, plataformas elevatórias e transpaleteiras em Formosa, GO. Frota Clark, manutenção inclusa, entrega rápida. Movemáquinas.",146,120,✅,0,✅ OK
formosa-go/manutencao-empilhadeira/index.html,manutencao,Formosa,Manutenção de Empilhadeira em Formosa | Preventiva e Corretiva Clark | Movemáquinas,83,50,"Title muito longo (83 chars, ideal <70)","Manutenção preventiva e corretiva de empilhadeira em Formosa. Técnicos certificados Clark, atendimento in loco, plano de revisões. Movemáquinas: +20 anos no mercado.",165,120,"Meta muito longa (165 chars, ideal <160); CTA ausente na parte mobile (adicione: chamar, solicitar, etc.)",3,⚠️ 3 issue(s)
formosa-go/pecas-e-assistencia-empilhadeira/index.html,pecas,Formosa,Peças para Empilhadeira em Formosa | Assistência Clark | Movemáquinas,69,50,✅,"Peças originais Clark e assistência técnica para empilhadeira em Formosa. Garfos, mastro, hidráulico, motor. Entrega rápida, técnicos certificados. Movemáquinas: +20 anos de mercado.",182,120,"Meta muito longa (182 chars, ideal <160); CTA ausente na parte mobile (adicione: chamar, solicitar, etc.)",2,⚠️ 2 issue(s)
goiania-go/aluguel-de-empilhadeira-combustao/index.html,aluguel,Goiania,Aluguel de Empilhadeira a Combustão em Goiânia | Movemáquinas,61,50,Marca 'Clark' ausente (recomendado para diferencial),"Aluguel de empilhadeira a combustão Clark em Goiânia valor sob consulta. Modelos L25, GTS, S-Series e C-Series. Manutenção inclusa, entrega mesmo dia. Movemáquinas: +20 anos no mercado.",185,120,"Meta muito longa (185 chars, ideal <160); CTA ausente na parte mobile (adicione: chamar, solicitar, etc.); Diferencial ausente na parte mobile",4,⚠️ 4 issue(s)
goiania-go/aluguel-de-plataforma-elevatoria-articulada/index.html,aluguel,Goiania,Aluguel de Plataforma Elevatória Articulada em Goiânia | Movemáquinas,69,50,Marca 'Clark' ausente (recomendado para diferencial),"Aluguel de plataforma elevatória articulada em Goiânia valor sob consulta. Modelos de 12 e 15 metros, diesel ou elétrica. Braço articulado com alcance lateral para fachadas, galpões e obras verticais. Movemáquinas: +20 anos no mercado.",235,120,"Meta muito longa (235 chars, ideal <160); CTA ausente na parte mobile (adicione: chamar, solicitar, etc.); Diferencial ausente na parte mobile",4,⚠️ 4 issue(s)
goiania-go/aluguel-de-plataforma-elevatoria-tesoura/index.html,aluguel,Goiania,Aluguel de Plataforma Elevatória Tesoura em Goiânia | Movemáquinas,66,50,Marca 'Clark' ausente (recomendado para diferencial),"Aluguel de plataforma elevatória tesoura em Goiânia: modelos elétricos de 8 a 10 m e diesel de 12 a 15 m. Manutenção inclusa, entrega no mesmo dia. Movemáquinas: +20 anos no mercado goiano.",189,120,"Meta muito longa (189 chars, ideal <160); CTA ausente na parte mobile (adicione: chamar, solicitar, etc.)",3,⚠️ 3 issue(s)
goiania-go/aluguel-de-transpaleteira/index.html,aluguel,Goiania,Aluguel de Transpaleteira Elétrica em Goiânia | Movemáquinas,60,50,Marca 'Clark' ausente (recomendado para diferencial),"Aluguel de transpaleteira elétrica Clark em Goiânia. Modelos WPio15, PWio20, PPXs20, SWX16 e WPX35 com bateria de lítio 24V. Manutenção inclusa, entrega mesmo dia. Movemáquinas: +20 anos no mercado goiano.",205,120,"Meta muito longa (205 chars, ideal <160); CTA ausente na parte mobile (adicione: chamar, solicitar, etc.); Diferencial ausente na parte mobile",4,⚠️ 4 issue(s)
goiania-go/curso-de-operador-de-empilhadeira/index.html,curso,Goiania,Curso de Operador de Empilhadeira em Goiânia (NR-11) | Movemáquinas,67,50,Marca 'Clark' ausente (recomendado para diferencial),"Curso de operador de empilhadeira NR-11 em Goiânia. Formação teórica e prática com empilhadeira Clark, 22h de carga horária, certificado válido em todo o Brasil. +4.000 profissionais formados. Presencial ou In Company.",218,120,"Meta muito longa (218 chars, ideal <160); CTA ausente na parte mobile (adicione: chamar, solicitar, etc.); Diferencial ausente na parte mobile",4,⚠️ 4 issue(s)
goiania-go/index.html,other,Move Maquinas Seo,Aluguel de Equipamentos em Goiânia | Movemáquinas,49,49,✅,"Locação de empilhadeiras, plataformas elevatórias e transpaleteiras em Goiânia, GO. Frota Clark, manutenção inclusa, entrega rápida. Movemáquinas.",146,120,✅,0,✅ OK
goiania-go/manutencao-empilhadeira/index.html,manutencao,Goiania,Manutenção de Empilhadeira em Goiânia | Preventiva e Corretiva | Movemáquinas,77,50,"Title muito longo (77 chars, ideal <70); Marca 'Clark' ausente (recomendado para diferencial)","Manutenção preventiva e corretiva de empilhadeira em Goiânia. Planos mensais, tecnicos certificados Clark, atendimento no Distrito Industrial Leste, Ceasa e BR-153. Movemaquinas: +20 anos de mercado.",199,120,"Meta muito longa (199 chars, ideal <160); CTA ausente na parte mobile (adicione: chamar, solicitar, etc.)",4,⚠️ 4 issue(s)
goiania-go/pecas-e-assistencia-empilhadeira/index.html,pecas,Goiania,Peças para Empilhadeira em Goiânia | Originais Clark | Movemáquinas,67,50,✅,"Peças originais Clark e assistência técnica para empilhadeira em Goiânia. Garfos, mastro, hidráulico, elétrico. Distribuidor exclusivo Goiás e DF. Técnicos certificados, entrega no mesmo dia. Movemáquinas.",205,120,"Meta muito longa (205 chars, ideal <160); CTA ausente na parte mobile (adicione: chamar, solicitar, etc.); Diferencial ausente na parte mobile",3,⚠️ 3 issue(s)
index.html,home,Jrios,"Movemáquinas | Aluguel, Venda e Peças Clark | Aqui Sua Operação Nunca Para",74,50,"Title muito longo (74 chars, ideal <70)","Distribuidor Clark. Aluguel, venda e manutenção de empilhadeiras, plataformas e transpaleteiras. Curso NR-11. Atendemos Goiás, DF e Centro-Oeste com 20+ anos.",158,120,✅,1,⚠️ 1 issue(s)
inhumas-go/aluguel-de-empilhadeira-combustao/index.html,aluguel,Inhumas,Empilhadeira a Combustão para Aluguel em Inhumas-GO | Movemáquinas,66,50,Marca 'Clark' ausente (recomendado para diferencial),"Empilhadeira Clark a combustão para aluguel em Inhumas-GO. Modelos L25, GTS, S-Series e C-Series de 2.000 a 8.000 kg. Ideal para polo têxtil, indústria alimentícia e armazéns de grãos. Manutenção inclusa, entrega via GO-070 no mesmo dia. Valor sob consulta.",257,120,"Meta muito longa (257 chars, ideal <160); CTA ausente na parte mobile (adicione: chamar, solicitar, etc.); Diferencial ausente na parte mobile",4,⚠️ 4 issue(s)
inhumas-go/aluguel-de-plataforma-elevatoria-articulada/index.html,aluguel,Inhumas,Plataforma Articulada para Locação em Inhumas-GO | Movemáquinas,63,50,Keyword 'aluguel/alugar' ausente; Marca 'Clark' ausente (recomendado para diferencial),"Plataforma articulada de 12 e 15 metros para locação em Inhumas-GO. Braço hidráulico com alcance lateral para manutenção de galpões têxteis, coberturas de armazéns e estruturas do Distrito Industrial. Diesel ou elétrica, manutenção inclusa. Entrega pela GO-070 no mesmo dia.",274,120,"Meta muito longa (274 chars, ideal <160); CTA ausente na parte mobile (adicione: chamar, solicitar, etc.)",4,⚠️ 4 issue(s)
inhumas-go/aluguel-de-plataforma-elevatoria-tesoura/index.html,aluguel,Inhumas,Plataforma Tesoura para Locação em Inhumas-GO | Movemáquinas,60,50,Keyword 'aluguel/alugar' ausente; Marca 'Clark' ausente (recomendado para diferencial),"Locação de plataforma tesoura em Inhumas: elétrica 8-10m para fábricas de confecções e diesel 12-15m para galpões industriais. Manutenção no contrato, entrega via GO-070 no mesmo dia. Movemáquinas: +20 anos.",207,120,"Meta muito longa (207 chars, ideal <160); CTA ausente na parte mobile (adicione: chamar, solicitar, etc.); Diferencial ausente na parte mobile",5,⚠️ 5 issue(s)
inhumas-go/aluguel-de-transpaleteira/index.html,aluguel,Inhumas,Transpaleteira Elétrica para Locação em Inhumas-GO | Movemáquinas,65,50,Keyword 'aluguel/alugar' ausente; Marca 'Clark' ausente (recomendado para diferencial),"Locação de transpaleteira elétrica Clark em Inhumas. Modelos WPio15, PWio20, PPXs20, SWX16 e WPX35 com lítio 24V para fábricas de confecções, indústrias alimentícias e armazéns de grãos. Frete pela GO-070 incluso, manutenção no contrato.",237,120,"Meta muito longa (237 chars, ideal <160); CTA ausente na parte mobile (adicione: chamar, solicitar, etc.); Diferencial ausente na parte mobile",5,⚠️ 5 issue(s)
inhumas-go/curso-de-operador-de-empilhadeira/index.html,curso,Inhumas,Curso de Operador de Empilhadeira NR-11 em Inhumas-GO | Movemáquinas,68,50,Marca 'Clark' ausente (recomendado para diferencial),"Treinamento NR-11 para operadores de empilhadeira em Inhumas. Formação prática com Clark voltada ao polo têxtil e de confecções do Distrito Industrial, fábricas de alimentos e armazéns de grãos da zona agrícola. 22h, certificado nacional válido 2 anos. Turmas presenciais e In Company nas indústrias da GO-070.",310,120,"Meta muito longa (310 chars, ideal <160); CTA ausente na parte mobile (adicione: chamar, solicitar, etc.); Diferencial ausente na parte mobile",4,⚠️ 4 issue(s)
inhumas-go/index.html,other,Move Maquinas Seo,Aluguel de Equipamentos em Inhumas | Movemáquinas,49,49,✅,"Locação de empilhadeiras, plataformas elevatórias e transpaleteiras em Inhumas, GO. Frota Clark, manutenção inclusa, entrega rápida. Movemáquinas.",146,120,✅,0,✅ OK
inhumas-go/manutencao-empilhadeira/index.html,manutencao,Inhumas,Manutenção de Empilhadeira em Inhumas | Preventiva e Corretiva Clark | Movemáquinas,83,50,"Title muito longo (83 chars, ideal <70)","Manutenção preventiva e corretiva de empilhadeira em Inhumas. Técnicos certificados Clark, atendimento in loco, plano de revisões. Movemáquinas: +20 anos no mercado.",165,120,"Meta muito longa (165 chars, ideal <160); CTA ausente na parte mobile (adicione: chamar, solicitar, etc.)",3,⚠️ 3 issue(s)
inhumas-go/pecas-e-assistencia-empilhadeira/index.html,pecas,Inhumas,Peças para Empilhadeira em Inhumas | Assistência Clark | Movemáquinas,69,50,✅,"Peças originais Clark e assistência técnica para empilhadeira em Inhumas. Garfos, mastro, hidráulico, motor. Entrega rápida, técnicos certificados. Movemáquinas: +20 anos de mercado.",182,120,"Meta muito longa (182 chars, ideal <160); CTA ausente na parte mobile (adicione: chamar, solicitar, etc.)",2,⚠️ 2 issue(s)
itumbiara-go/aluguel-de-empilhadeira-combustao/index.html,aluguel,Itumbiara,Locação de Empilhadeira a Combustão em Itumbiara-GO | Movemáquinas,66,50,Keyword 'aluguel/alugar' ausente; Marca 'Clark' ausente (recomendado para diferencial),"Empilhadeira Clark GLP e diesel para locação em Itumbiara valor sob consulta. Modelos L25, GTS, S-Series e C-Series de 2.000 a 8.000 kg. Para frigoríficos JBS/BRF, armazéns Caramuru/Cargill e usinas de etanol. Manutenção inclusa, suporte técnico em horário comercial.",267,120,"Meta muito longa (267 chars, ideal <160); CTA ausente na parte mobile (adicione: chamar, solicitar, etc.); Diferencial ausente na parte mobile",5,⚠️ 5 issue(s)
itumbiara-go/aluguel-de-plataforma-elevatoria-articulada/index.html,aluguel,Itumbiara,Plataforma Articulada para Locacao em Itumbiara-GO | Movemáquinas,65,50,Keyword 'aluguel/alugar' ausente; Marca 'Clark' ausente (recomendado para diferencial),"Locacao de plataforma articulada 12 e 15m em Itumbiara-GO. Ideal para manutencao em frigorificos JBS/BRF, silos de armazens Caramuru/Cargill e estruturas no DIAGRI. Diesel ou eletrica, manutencao inclusa. Entrega via BR-153.",224,120,"Meta muito longa (224 chars, ideal <160); CTA ausente na parte mobile (adicione: chamar, solicitar, etc.); Diferencial ausente na parte mobile",5,⚠️ 5 issue(s)
itumbiara-go/aluguel-de-plataforma-elevatoria-tesoura/index.html,aluguel,Itumbiara,Plataforma Tesoura para Locação em Itumbiara-GO | Movemáquinas,62,50,Keyword 'aluguel/alugar' ausente; Marca 'Clark' ausente (recomendado para diferencial),"Plataforma tesoura elétrica e diesel para locação em Itumbiara: 8 a 15 m de altura de trabalho para frigoríficos, usinas de etanol e galpões do DIAGRI. Manutenção inclusa no contrato, entrega via BR-153. Movemáquinas.",217,120,"Meta muito longa (217 chars, ideal <160); CTA ausente na parte mobile (adicione: chamar, solicitar, etc.); Diferencial ausente na parte mobile",5,⚠️ 5 issue(s)
itumbiara-go/aluguel-de-transpaleteira/index.html,aluguel,Itumbiara,Locação de Transpaleteira Elétrica em Itumbiara-GO | Movemáquinas,65,50,Keyword 'aluguel/alugar' ausente; Marca 'Clark' ausente (recomendado para diferencial),"Transpaleteira elétrica Clark para locação em Itumbiara. Modelos WPio15, PWio20, PPXs20, SWX16 e WPX35 com lítio 24V para câmaras frias de frigoríficos JBS/BRF a -18°C e docas de cooperativas agrícolas Caramuru/Cargill. Manutenção inclusa, entrega via BR-153.",259,120,"Meta muito longa (259 chars, ideal <160); CTA ausente na parte mobile (adicione: chamar, solicitar, etc.); Diferencial ausente na parte mobile",5,⚠️ 5 issue(s)
itumbiara-go/curso-de-operador-de-empilhadeira/index.html,curso,Itumbiara,Curso de Operador de Empilhadeira NR-11 em Itumbiara-GO | Movemáquinas,70,50,Marca 'Clark' ausente (recomendado para diferencial),"Treinamento NR-11 para operadores de empilhadeira em Itumbiara. Formação prática com Clark voltada ao frigoríficos JBS e BRF, cooperativas Caramuru e Cargill, usinas de etanol e armazéns do DIAGRI. 22h, certificado nacional válido 2 anos. Turmas presenciais e In Company nas indústrias da BR-153.",296,120,"Meta muito longa (296 chars, ideal <160); CTA ausente na parte mobile (adicione: chamar, solicitar, etc.); Diferencial ausente na parte mobile",4,⚠️ 4 issue(s)
itumbiara-go/index.html,other,Move Maquinas Seo,Aluguel de Equipamentos em Itumbiara | Movemáquinas,51,50,✅,"Locação de empilhadeiras, plataformas elevatórias e transpaleteiras em Itumbiara, GO. Frota Clark, manutenção inclusa, entrega rápida. Movemáquinas.",148,120,✅,0,✅ OK
itumbiara-go/manutencao-empilhadeira/index.html,manutencao,Itumbiara,Manutenção de Empilhadeira em Itumbiara | Preventiva e Corretiva Clark | Movemáquinas,85,50,"Title muito longo (85 chars, ideal <70)","Manutenção preventiva e corretiva de empilhadeira em Itumbiara. Técnicos certificados Clark, atendimento in loco, plano de revisões. Movemáquinas: +20 anos no mercado.",167,120,"Meta muito longa (167 chars, ideal <160); CTA ausente na parte mobile (adicione: chamar, solicitar, etc.)",3,⚠️ 3 issue(s)
itumbiara-go/pecas-e-assistencia-empilhadeira/index.html,pecas,Itumbiara,Peças para Empilhadeira em Itumbiara | Assistência Clark | Movemáquinas,71,50,"Title muito longo (71 chars, ideal <70)","Peças originais Clark e assistência técnica para empilhadeira em Itumbiara. Garfos, mastro, hidráulico, motor. Entrega rápida, técnicos certificados. Movemáquinas: +20 anos de mercado.",184,120,"Meta muito longa (184 chars, ideal <160); CTA ausente na parte mobile (adicione: chamar, solicitar, etc.)",3,⚠️ 3 issue(s)
luziania-go/aluguel-de-empilhadeira-combustao/index.html,aluguel,Luziania,Empilhadeira a Combustão para Alugar em Luziânia-GO | Movemáquinas,66,50,Marca 'Clark' ausente (recomendado para diferencial),"Empilhadeira Clark GLP e diesel para locação em Luziânia valor sob consulta. Modelos L25, GTS, S-Series e C60-80 de 2.000 a 8.000 kg. Ideal para o DIAL, armazéns de grãos e metalúrgicas da BR-040. Manutenção inclusa, entrega programada.",236,120,"Meta muito longa (236 chars, ideal <160); CTA ausente na parte mobile (adicione: chamar, solicitar, etc.); Diferencial ausente na parte mobile",4,⚠️ 4 issue(s)
luziania-go/aluguel-de-plataforma-elevatoria-articulada/index.html,aluguel,Luziania,Plataforma Articulada para Locação em Luziânia-GO | Movemáquinas,64,50,Keyword 'aluguel/alugar' ausente; Marca 'Clark' ausente (recomendado para diferencial),"Locação de plataforma articulada 12 e 15m em Luziânia-GO. Ideal para manutenção de silos e galpões agrícolas, obras de construção civil e coberturas industriais no DIAL. Diesel ou elétrica, manutenção inclusa. Despacho pela BR-040.",231,120,"Meta muito longa (231 chars, ideal <160); CTA ausente na parte mobile (adicione: chamar, solicitar, etc.)",4,⚠️ 4 issue(s)
luziania-go/aluguel-de-plataforma-elevatoria-tesoura/index.html,aluguel,Luziania,Plataforma Tesoura para Locação em Luziânia-GO | Movemáquinas,61,50,Keyword 'aluguel/alugar' ausente; Marca 'Clark' ausente (recomendado para diferencial),"Plataforma tesoura em Luziânia: modelos elétricos 8-10m para galpões metalúrgicos do DIAL e diesel 12-15m para pátios agroindustriais. Manutenção no contrato, entrega via BR-040. Movemáquinas: referência em locação de plataformas.",230,120,"Meta muito longa (230 chars, ideal <160); CTA ausente na parte mobile (adicione: chamar, solicitar, etc.); Diferencial ausente na parte mobile",5,⚠️ 5 issue(s)
luziania-go/aluguel-de-transpaleteira/index.html,aluguel,Luziania,Locação de Transpaleteira Elétrica em Luziânia-GO | Movemáquinas,64,50,Keyword 'aluguel/alugar' ausente; Marca 'Clark' ausente (recomendado para diferencial),"Transpaleteira elétrica Clark para locação em Luziânia. Modelos WPio15, PWio20, SWX16 e WPX35 com lítio 24V para movimentação de paletes em indústrias alimentícias e químicas do DIAL, armazéns de grãos da BR-040 e metalúrgicas. Manutenção inclusa, entrega no mesmo dia.",269,120,"Meta muito longa (269 chars, ideal <160); CTA ausente na parte mobile (adicione: chamar, solicitar, etc.); Diferencial ausente na parte mobile",5,⚠️ 5 issue(s)
luziania-go/curso-de-operador-de-empilhadeira/index.html,curso,Luziania,Curso de Operador de Empilhadeira NR-11 em Luziânia-GO | Movemáquinas,69,50,Marca 'Clark' ausente (recomendado para diferencial),"Treinamento NR-11 para operadores de empilhadeira em Luziânia. Formação prática com Clark voltada ao DIAL com 1.500 indústrias — metalurgia pesada, processamento de alimentos e complexo químico. 22h, certificado nacional válido 2 anos. Turmas presenciais e In Company nas indústrias da BR-040.",293,120,"Meta muito longa (293 chars, ideal <160); CTA ausente na parte mobile (adicione: chamar, solicitar, etc.); Diferencial ausente na parte mobile",4,⚠️ 4 issue(s)
luziania-go/index.html,other,Move Maquinas Seo,Aluguel de Equipamentos em Luziânia | Movemáquinas,50,50,✅,"Locação de empilhadeiras, plataformas elevatórias e transpaleteiras em Luziânia, GO. Frota Clark, manutenção inclusa, entrega rápida. Movemáquinas.",147,120,✅,0,✅ OK
luziania-go/manutencao-empilhadeira/index.html,manutencao,Luziania,Manutenção de Empilhadeira em Luziânia | Preventiva e Corretiva Clark | Movemáquinas,84,50,"Title muito longo (84 chars, ideal <70)","Manutenção preventiva e corretiva de empilhadeira em Luziânia. Técnicos certificados Clark, atendimento in loco, plano de revisões. Movemáquinas: +20 anos no mercado.",166,120,"Meta muito longa (166 chars, ideal <160); CTA ausente na parte mobile (adicione: chamar, solicitar, etc.)",3,⚠️ 3 issue(s)
luziania-go/pecas-e-assistencia-empilhadeira/index.html,pecas,Luziania,Peças para Empilhadeira em Luziânia | Assistência Clark | Movemáquinas,70,50,✅,"Peças originais Clark e assistência técnica para empilhadeira em Luziânia. Garfos, mastro, hidráulico, motor. Entrega rápida, técnicos certificados. Movemáquinas: +20 anos de mercado.",183,120,"Meta muito longa (183 chars, ideal <160); CTA ausente na parte mobile (adicione: chamar, solicitar, etc.)",2,⚠️ 2 issue(s)
politica-de-privacidade/index.html,other,Move Maquinas Seo,Politica de Privacidade | Move Maquinas,39,39,✅,"Politica de privacidade da Move Maquinas. Saiba como coletamos, usamos e protegemos seus dados pessoais em conformidade com a LGPD.",131,120,✅,0,✅ OK
senador-canedo-go/aluguel-de-empilhadeira-combustao/index.html,aluguel,Senador Canedo,Aluguel de Empilhadeira a Combustão em Senador Canedo | Movemáquinas,68,50,Marca 'Clark' ausente (recomendado para diferencial),"Empilhadeira combustão em Senador Canedo: GLP e diesel Clark 2 a 8 ton. Petroquímico, DASC, DISC. Entrega mesmo dia, manutenção 24h inclusa. Movemáquinas.",154,120,"CTA ausente na parte mobile (adicione: chamar, solicitar, etc.)",2,⚠️ 2 issue(s)
senador-canedo-go/aluguel-de-plataforma-elevatoria-articulada/index.html,aluguel,Senador Canedo,Aluguel de Plataforma Articulada em Senador Canedo | Movemáquinas,65,50,Marca 'Clark' ausente (recomendado para diferencial),"Plataforma articulada 12 e 15m em Senador Canedo: manutenção no DASC (Distrito Agroindustrial), galpões industriais e obras. Entrega no mesmo dia via BR-153. Manutenção inclusa.",177,120,"Meta muito longa (177 chars, ideal <160); CTA ausente na parte mobile (adicione: chamar, solicitar, etc.)",3,⚠️ 3 issue(s)
senador-canedo-go/aluguel-de-plataforma-elevatoria-tesoura/index.html,aluguel,Senador Canedo,Aluguel de Plataforma Elevatória Tesoura em Senador Canedo | Movemáquinas,73,50,"Title muito longo (73 chars, ideal <70); Marca 'Clark' ausente (recomendado para diferencial)","Plataforma tesoura em Senador Canedo: elétrica para galpões do DASC/DISC, diesel para pátios petroquímicos. 8 a 15m, entrega no mesmo dia. Movemáquinas.",152,120,"CTA ausente na parte mobile (adicione: chamar, solicitar, etc.); Diferencial ausente na parte mobile",4,⚠️ 4 issue(s)
senador-canedo-go/aluguel-de-transpaleteira/index.html,aluguel,Senador Canedo,Aluguel de Transpaleteira Elétrica em Senador Canedo | Movemáquinas,67,50,Marca 'Clark' ausente (recomendado para diferencial),"Transpaleteira elétrica Clark em Senador Canedo: lítio 24V para indústrias do DISC, patolada para DASC. 5 modelos, entrega mesmo dia. Movemáquinas.",147,120,"CTA ausente na parte mobile (adicione: chamar, solicitar, etc.); Diferencial ausente na parte mobile",3,⚠️ 3 issue(s)
senador-canedo-go/curso-de-operador-de-empilhadeira/index.html,curso,Senador Canedo,Curso de Operador de Empilhadeira NR-11 em Senador Canedo | Movemáquinas,72,50,"Title muito longo (72 chars, ideal <70); Marca 'Clark' ausente (recomendado para diferencial)","Curso NR-11 em Senador Canedo: certificação para operadores do petroquímico, DASC e DISC. In-company, +4.000 formados. Movemáquinas.",132,120,"CTA ausente na parte mobile (adicione: chamar, solicitar, etc.); Diferencial ausente na parte mobile",4,⚠️ 4 issue(s)
senador-canedo-go/index.html,other,Move Maquinas Seo,Aluguel de Equipamentos em Senador Canedo | Movemáquinas,56,50,✅,"Locação de empilhadeiras, plataformas elevatórias e transpaleteiras em Senador Canedo, GO. Frota Clark, manutenção inclusa, entrega rápida. Movemáquinas.",153,120,✅,0,✅ OK
senador-canedo-go/manutencao-empilhadeira/index.html,manutencao,Senador Canedo,Manutenção de Empilhadeira em Senador Canedo | Preventiva e Corretiva Clark | Movemáquinas,90,50,"Title muito longo (90 chars, ideal <70)","Manutenção preventiva e corretiva de empilhadeira em Senador Canedo. Técnicos certificados Clark, atendimento in loco, plano de revisões. Movemáquinas: +20 anos no mercado.",172,120,"Meta muito longa (172 chars, ideal <160); CTA ausente na parte mobile (adicione: chamar, solicitar, etc.)",3,⚠️ 3 issue(s)
senador-canedo-go/pecas-e-assistencia-empilhadeira/index.html,pecas,Senador Canedo,Peças para Empilhadeira em Senador Canedo | Assistência Clark | Movemáquinas,76,50,"Title muito longo (76 chars, ideal <70)","Peças originais Clark e assistência técnica para empilhadeira em Senador Canedo. Garfos, mastro, hidráulico, motor. Entrega rápida, técnicos certificados. Movemáquinas: +20 anos de mercado.",189,120,"Meta muito longa (189 chars, ideal <160); CTA ausente na parte mobile (adicione: chamar, solicitar, etc.); Diferencial ausente na parte mobile",4,⚠️ 4 issue(s)
servicos/index.html,other,Move Maquinas Seo,Serviços de Locação de Empilhadeiras | Movemáquinas,51,50,✅,"Aluguel de empilhadeiras, plataformas elevatórias e transpaleteiras em Goiás e DF. Frota Clark, manutenção inclusa. Entrega no mesmo dia em Goiânia.",148,120,✅,0,✅ OK
sobre/index.html,other,Move Maquinas Seo,Sobre a Movemáquinas | Distribuidora Clark em Goiânia,53,50,✅,"Conheça a Movemáquinas: +20 anos no mercado, distribuidora Clark em Goiás, locação de empilhadeiras com manutenção inclusa. +500 clientes em GO, DF e TO.",153,120,✅,0,✅ OK
termos-de-uso/index.html,other,Move Maquinas Seo,Termos de Uso | Move Maquinas,29,29,✅,"Termos de uso do site Move Maquinas. Condicoes para uso do site, orcamentos, contratacao de locacao de equipamentos e servicos.",127,120,✅,0,✅ OK
trabalhe-conosco/index.html,other,Move Maquinas Seo,Trabalhe Conosco | Move Maquinas — Vagas em Goiania,51,50,✅,"Faca parte da equipe Move Maquinas em Goiania. Vagas para tecnico de manutencao, operador de empilhadeira, vendedor e mais. +20 anos no mercado.",144,120,✅,0,✅ OK
trindade-go/aluguel-de-empilhadeira-combustao/index.html,aluguel,Trindade,Locação de Empilhadeira a Combustão em Trindade-GO | Movemáquinas,65,50,Keyword 'aluguel/alugar' ausente; Marca 'Clark' ausente (recomendado para diferencial),"Clark Combustão Trindade a combustão para locação em Trindade-GO: L25, GTS, S-Series e C-Series de 2.000 a 8.000 kg. GLP ou diesel, manutenção inclusa no contrato. Entrega pela GO-060 no mesmo dia. Valor sob consulta.",217,120,"Meta muito longa (217 chars, ideal <160); CTA ausente na parte mobile (adicione: chamar, solicitar, etc.); Diferencial ausente na parte mobile",5,⚠️ 5 issue(s)
trindade-go/aluguel-de-plataforma-elevatoria-articulada/index.html,aluguel,Trindade,Plataforma Elevatória Articulada para Locação em Trindade-GO | Movemáquinas,75,50,"Title muito longo (75 chars, ideal <70); Keyword 'aluguel/alugar' ausente; Marca 'Clark' ausente (recomendado para diferencial)","Plataforma articulada 12 e 15m para locação em Trindade-GO. Braço hidráulico para obras residenciais em altura, construção de condomínios e manutenção de edifícios no setor de expansão. Diesel ou elétrica, manutenção no contrato, entrega pela GO-060.",250,120,"Meta muito longa (250 chars, ideal <160); CTA ausente na parte mobile (adicione: chamar, solicitar, etc.); Diferencial ausente na parte mobile",6,⚠️ 6 issue(s)
trindade-go/aluguel-de-plataforma-elevatoria-tesoura/index.html,aluguel,Trindade,Plataforma Tesoura para Locação em Trindade-GO | Movemáquinas,61,50,Keyword 'aluguel/alugar' ausente; Marca 'Clark' ausente (recomendado para diferencial),"Locação de plataforma tesoura em Trindade-GO: modelos elétricos 8-10m para galpões comerciais da GO-060 e diesel 12-15m para obras e condomínios industriais. Manutenção no contrato, entrega rápida via GO-060. Movemáquinas.",222,120,"Meta muito longa (222 chars, ideal <160); CTA ausente na parte mobile (adicione: chamar, solicitar, etc.); Diferencial ausente na parte mobile",5,⚠️ 5 issue(s)
trindade-go/aluguel-de-transpaleteira/index.html,aluguel,Trindade,Locação de Transpaleteira Elétrica em Trindade-GO | Movemáquinas,64,50,Keyword 'aluguel/alugar' ausente; Marca 'Clark' ausente (recomendado para diferencial),"Transpaleteira elétrica Clark para locação em Trindade-GO. Modelos WPio15, PWio20, PPXs20, SWX16 e WPX35 com lítio 24V para supermercados, CDs emergentes da GO-060 e depósitos de materiais de construção. Manutenção inclusa, entrega no mesmo dia.",245,120,"Meta muito longa (245 chars, ideal <160); CTA ausente na parte mobile (adicione: chamar, solicitar, etc.); Diferencial ausente na parte mobile",5,⚠️ 5 issue(s)
trindade-go/curso-de-operador-de-empilhadeira/index.html,curso,Trindade,Curso de Operador de Empilhadeira NR-11 em Trindade-GO | Movemáquinas,69,50,Marca 'Clark' ausente (recomendado para diferencial),"Treinamento NR-11 para operadores de empilhadeira em Trindade. Formação prática com Clark voltada ao canteiros de obra de condomínios, centros de distribuição e galpões industriais em implantação na GO-060. 22h, certificado nacional válido 2 anos. Turmas presenciais e In Company nas indústrias da GO-060.",305,120,"Meta muito longa (305 chars, ideal <160); CTA ausente na parte mobile (adicione: chamar, solicitar, etc.); Diferencial ausente na parte mobile",4,⚠️ 4 issue(s)
trindade-go/index.html,other,Move Maquinas Seo,Aluguel de Equipamentos em Trindade | Movemáquinas,50,50,✅,"Locação de empilhadeiras, plataformas elevatórias e transpaleteiras em Trindade, GO. Frota Clark, manutenção inclusa, entrega rápida. Movemáquinas.",147,120,✅,0,✅ OK
trindade-go/manutencao-empilhadeira/index.html,manutencao,Trindade,Manutenção de Empilhadeira em Trindade | Preventiva e Corretiva Clark | Movemáquinas,84,50,"Title muito longo (84 chars, ideal <70)","Manutenção preventiva e corretiva de empilhadeira em Trindade. Técnicos certificados Clark, atendimento in loco, plano de revisões. Movemáquinas: +20 anos no mercado.",166,120,"Meta muito longa (166 chars, ideal <160); CTA ausente na parte mobile (adicione: chamar, solicitar, etc.)",3,⚠️ 3 issue(s)
trindade-go/pecas-e-assistencia-empilhadeira/index.html,pecas,Trindade,Peças para Empilhadeira em Trindade | Assistência Clark | Movemáquinas,70,50,✅,"Peças originais Clark e assistência técnica para empilhadeira em Trindade. Garfos, mastro, hidráulico, motor. Entrega rápida, técnicos certificados. Movemáquinas: +20 anos de mercado.",183,120,"Meta muito longa (183 chars, ideal <160); CTA ausente na parte mobile (adicione: chamar, solicitar, etc.)",2,⚠️ 2 issue(s)
uruacu-go/aluguel-de-empilhadeira-combustao/index.html,aluguel,Uruacu,Locação de Empilhadeira a Combustão em Uruaçu-GO | Movemáquinas,63,50,Keyword 'aluguel/alugar' ausente; Marca 'Clark' ausente (recomendado para diferencial),"Empilhadeira a combustão Clark para locação em Uruaçu-GO valor sob consulta. Modelos L25, GTS, S-Series e C-Series de 2.000 a 8.000 kg. Ideal para frigoríficos, armazéns de grãos e Distrito Agroindustrial. Manutenção inclusa no contrato.",237,120,"Meta muito longa (237 chars, ideal <160); CTA ausente na parte mobile (adicione: chamar, solicitar, etc.); Diferencial ausente na parte mobile",5,⚠️ 5 issue(s)
uruacu-go/aluguel-de-plataforma-elevatoria-articulada/index.html,aluguel,Uruacu,Plataforma Articulada para Locação em Uruaçu-GO | Movemáquinas,62,50,Keyword 'aluguel/alugar' ausente; Marca 'Clark' ausente (recomendado para diferencial),"Locação de plataforma articulada 12 e 15m em Uruaçu. Braço articulado para manutenção de silos, armazéns de grãos e galpões do Distrito Agroindustrial. Diesel ou elétrica, manutenção inclusa. Entrega pela BR-153.",212,120,"Meta muito longa (212 chars, ideal <160); CTA ausente na parte mobile (adicione: chamar, solicitar, etc.)",4,⚠️ 4 issue(s)
uruacu-go/aluguel-de-plataforma-elevatoria-tesoura/index.html,aluguel,Uruacu,Plataforma Tesoura para Locação em Uruaçu-GO | Movemáquinas,59,50,Keyword 'aluguel/alugar' ausente; Marca 'Clark' ausente (recomendado para diferencial),"Plataforma tesoura em Uruaçu-GO: elétrica 8-10m para frigoríficos e laticínios, diesel 12-15m para armazéns de grãos e galpões do Distrito Agroindustrial. Manutenção no contrato, entrega via BR-153. Movemáquinas.",212,120,"Meta muito longa (212 chars, ideal <160); CTA ausente na parte mobile (adicione: chamar, solicitar, etc.); Diferencial ausente na parte mobile",5,⚠️ 5 issue(s)
uruacu-go/aluguel-de-transpaleteira/index.html,aluguel,Uruacu,Transpaleteira Elétrica para Locação em Uruaçu-GO | Movemáquinas,64,50,Keyword 'aluguel/alugar' ausente; Marca 'Clark' ausente (recomendado para diferencial),"Transpaleteira elétrica Clark para locação em Uruaçu-GO. Modelos WPio15, PWio20, PPXs20, SWX16 e WPX35 com lítio 24V para frigoríficos de aves e suínos, laticínios e armazéns do Distrito Agroindustrial. Entrega via BR-153, manutenção inclusa.",242,120,"Meta muito longa (242 chars, ideal <160); CTA ausente na parte mobile (adicione: chamar, solicitar, etc.); Diferencial ausente na parte mobile",5,⚠️ 5 issue(s)
uruacu-go/curso-de-operador-de-empilhadeira/index.html,curso,Uruacu,Curso de Operador de Empilhadeira NR-11 em Uruaçu-GO | Movemáquinas,67,50,Marca 'Clark' ausente (recomendado para diferencial),"Treinamento NR-11 para operadores de empilhadeira em Uruaçu. Formação prática com Clark voltada ao Distrito Agroindustrial com 258 mil m² e 31 empresas — frigoríficos de aves e suínos, laticínios, metalúrgicas. 22h, certificado nacional válido 2 anos. Turmas presenciais e In Company nas indústrias da BR-153.",309,120,"Meta muito longa (309 chars, ideal <160); CTA ausente na parte mobile (adicione: chamar, solicitar, etc.); Diferencial ausente na parte mobile",4,⚠️ 4 issue(s)
uruacu-go/index.html,other,Move Maquinas Seo,Aluguel de Equipamentos em Uruaçu | Movemáquinas,48,48,✅,"Locação de empilhadeiras, plataformas elevatórias e transpaleteiras em Uruaçu, GO. Frota Clark, manutenção inclusa, entrega rápida. Movemáquinas.",145,120,✅,0,✅ OK
uruacu-go/manutencao-empilhadeira/index.html,manutencao,Uruacu,Manutenção de Empilhadeira em Uruaçu | Preventiva e Corretiva Clark | Movemáquinas,82,50,"Title muito longo (82 chars, ideal <70)","Manutenção preventiva e corretiva de empilhadeira em Uruaçu. Técnicos certificados Clark, atendimento in loco, plano de revisões. Movemáquinas: +20 anos no mercado.",164,120,"Meta muito longa (164 chars, ideal <160); CTA ausente na parte mobile (adicione: chamar, solicitar, etc.)",3,⚠️ 3 issue(s)
uruacu-go/pecas-e-assistencia-empilhadeira/index.html,pecas,Uruacu,Peças para Empilhadeira em Uruaçu | Assistência Clark | Movemáquinas,68,50,✅,"Peças originais Clark e assistência técnica para empilhadeira em Uruaçu. Garfos, mastro, hidráulico, motor. Entrega rápida, técnicos certificados. Movemáquinas: +20 anos de mercado.",181,120,"Meta muito longa (181 chars, ideal <160); CTA ausente na parte mobile (adicione: chamar, solicitar, etc.)",2,⚠️ 2 issue(s)
valparaiso-de-goias-go/aluguel-de-empilhadeira-combustao/index.html,aluguel,Valparaiso Deias,Locação de Empilhadeira a Combustão em Valparaíso de Goiás | Movemáquinas,73,50,"Title muito longo (73 chars, ideal <70); Keyword 'aluguel/alugar' ausente; Marca 'Clark' ausente (recomendado para diferencial)","Empilhadeira a combustão Clark para locação em Valparaíso de Goiás — modelos L25, GTS, S-Series e C-Series de 2.000 a 8.000 kg. Ideal para polo moveleiro, chapas de MDF/MDP e CDs de varejo na BR-040. Manutenção inclusa, valor sob consulta.",239,120,"Meta muito longa (239 chars, ideal <160); CTA ausente na parte mobile (adicione: chamar, solicitar, etc.); Diferencial ausente na parte mobile",6,⚠️ 6 issue(s)
valparaiso-de-goias-go/aluguel-de-plataforma-elevatoria-articulada/index.html,aluguel,Valparaiso Deias,Plataforma Articulada para Locação em Valparaíso de Goiás | Movemáquinas,72,50,"Title muito longo (72 chars, ideal <70); Keyword 'aluguel/alugar' ausente; Marca 'Clark' ausente (recomendado para diferencial)","Locação de plataforma articulada 12 e 15m em Valparaíso de Goiás. Braço com alcance lateral para galpões do polo moveleiro, construção civil e manutenção predial. Diesel ou elétrica, manutenção inclusa. Entrega pela BR-040.",223,120,"Meta muito longa (223 chars, ideal <160); CTA ausente na parte mobile (adicione: chamar, solicitar, etc.); Diferencial ausente na parte mobile",6,⚠️ 6 issue(s)
valparaiso-de-goias-go/aluguel-de-plataforma-elevatoria-tesoura/index.html,aluguel,Valparaiso Deias,Plataforma Tesoura para Locação em Valparaíso de Goiás | Movemáquinas,69,50,Keyword 'aluguel/alugar' ausente; Marca 'Clark' ausente (recomendado para diferencial),"Plataforma tesoura elétrica e diesel de 8 a 15m em Valparaíso de Goiás: ideal para galpões do polo moveleiro, lojas comerciais e centros de distribuição na Etapa A/B/C. Manutenção no contrato, entrega via BR-040. Movemáquinas.",226,120,"Meta muito longa (226 chars, ideal <160); CTA ausente na parte mobile (adicione: chamar, solicitar, etc.); Diferencial ausente na parte mobile",5,⚠️ 5 issue(s)
valparaiso-de-goias-go/aluguel-de-transpaleteira/index.html,aluguel,Valparaiso Deias,Locação de Transpaleteira Elétrica em Valparaíso de Goiás | Movemáquinas,72,50,"Title muito longo (72 chars, ideal <70); Keyword 'aluguel/alugar' ausente; Marca 'Clark' ausente (recomendado para diferencial)","Transpaleteira elétrica Clark para locação em Valparaíso de Goiás. Modelos WPio15, PWio20, PPXs20, SWX16 e WPX35 com lítio 24V para polo moveleiro, supermercados e comércio varejista da BR-040. Entrega no mesmo dia via BR-040, manutenção inclusa.",246,120,"Meta muito longa (246 chars, ideal <160); CTA ausente na parte mobile (adicione: chamar, solicitar, etc.); Diferencial ausente na parte mobile",6,⚠️ 6 issue(s)
valparaiso-de-goias-go/curso-de-operador-de-empilhadeira/index.html,curso,Valparaiso Deias,Curso de Operador de Empilhadeira NR-11 em Valparaíso de Goiás-GO | Movemáquinas,80,50,"Title muito longo (80 chars, ideal <70); Marca 'Clark' ausente (recomendado para diferencial)","Treinamento NR-11 para operadores de empilhadeira em Valparaíso de Goiás. Formação prática com Clark voltada ao polo moveleiro com 120 fábricas, centros de distribuição e comércio varejista do entorno do DF. 22h, certificado nacional válido 2 anos. Turmas presenciais e In Company nas indústrias da BR-040.",306,120,"Meta muito longa (306 chars, ideal <160); CTA ausente na parte mobile (adicione: chamar, solicitar, etc.); Diferencial ausente na parte mobile",5,⚠️ 5 issue(s)
valparaiso-de-goias-go/index.html,other,Move Maquinas Seo,Aluguel de Equipamentos em Valparaíso de Goiás | Movemáquinas,61,50,✅,"Locação de empilhadeiras, plataformas elevatórias e transpaleteiras em Valparaíso de Goiás, GO. Frota Clark, manutenção inclusa, entrega rápida. Movemáquinas.",158,120,✅,0,✅ OK
valparaiso-de-goias-go/manutencao-empilhadeira/index.html,manutencao,Valparaiso Deias,Manutenção de Empilhadeira em Valparaíso de Goiás | Preventiva e Corretiva Clark | Movemáquinas,95,50,"Title muito longo (95 chars, ideal <70)","Manutenção preventiva e corretiva de empilhadeira em Valparaíso de Goiás. Técnicos certificados Clark, atendimento in loco, plano de revisões. Movemáquinas: +20 anos no mercado.",177,120,"Meta muito longa (177 chars, ideal <160); CTA ausente na parte mobile (adicione: chamar, solicitar, etc.)",3,⚠️ 3 issue(s)
valparaiso-de-goias-go/pecas-e-assistencia-empilhadeira/index.html,pecas,Valparaiso Deias,Peças para Empilhadeira em Valparaíso de Goiás | Assistência Clark | Movemáquinas,81,50,"Title muito longo (81 chars, ideal <70)","Peças originais Clark e assistência técnica para empilhadeira em Valparaíso de Goiás. Garfos, mastro, hidráulico, motor. Entrega rápida, técnicos certificados. Movemáquinas: +20 anos de mercado.",194,120,"Meta muito longa (194 chars, ideal <160); CTA ausente na parte mobile (adicione: chamar, solicitar, etc.); Diferencial ausente na parte mobile",4,⚠️ 4 issue(s)
venda-de-maquinas-clark/index.html,other,Move Maquinas Seo,Empilhadeiras Clark à Venda em Goiânia | Movemáquinas,53,50,✅,"Catálogo de empilhadeiras e transpaleteiras Clark novas: combustão, elétricas e lítio. Distribuidor exclusivo em Goiás, garantia de fábrica e financiamento FCO.",160,120,✅,0,✅ OK
