URL,Título,Links Enviados,Links Recebidos,Âncoras Ricas,Âncoras Descritivas,Âncoras Genéricas,Órfã?
/,Locação de Empilhadeiras em Goiânia | Movemáquinas,57,334,35,22,1,
/anapolis-go,Aluguel de Equipamentos em Anápolis | Movemáquinas,31,75,21,10,1,
/anapolis-go/aluguel-de-empilhadeira-combustao,Aluguel de Empilhadeira a Combustão em Anápolis | Movemáquinas,29,5,16,13,2,
/anapolis-go/aluguel-de-plataforma-elevatoria-articulada,Aluguel de Plataforma Elevatória Articulada em Anápolis | Movemáquinas,34,4,19,15,2,
/anapolis-go/aluguel-de-plataforma-elevatoria-tesoura,Aluguel de Plataforma Elevatória Tesoura em Anápolis | Movemáquinas,29,4,16,13,2,
/anapolis-go/aluguel-de-transpaleteira,Aluguel de Transpaleteira Elétrica em Anápolis | Movemáquinas,29,4,16,13,2,
/anapolis-go/curso-de-operador-de-empilhadeira,Curso de Operador de Empilhadeira NR-11 em Anápolis | Movemáquinas,31,9,18,13,2,
/aparecida-de-goiania-go,Aluguel de Equipamentos em Aparecida de Goiânia | Movemáquinas,31,49,21,10,1,
/aparecida-de-goiania-go/aluguel-de-empilhadeira-combustao,Aluguel de Empilhadeira Combustão em Aparecida de Goiânia | Move Máquinas,45,6,31,14,2,
/aparecida-de-goiania-go/aluguel-de-plataforma-elevatoria-articulada,Aluguel de Plataforma Articulada em Aparecida de Goiânia | Move Máquinas,44,6,29,15,2,
/aparecida-de-goiania-go/aluguel-de-plataforma-elevatoria-tesoura,Aluguel de Plataforma Tesoura em Aparecida de Goiânia | Move Máquinas,42,6,28,14,2,
/aparecida-de-goiania-go/aluguel-de-transpaleteira,Aluguel de Transpaleteira Elétrica em Aparecida de Goiânia | Move Máquinas,45,6,31,14,2,
/aparecida-de-goiania-go/curso-de-operador-de-empilhadeira,Curso de Operador de Empilhadeira NR-11 em Aparecida de Goiânia | Move Máquinas,43,10,29,14,2,
/author/marcio-lima,Márcio Lima | Especialista em Locação de Equipamentos Industriais,22,64,16,6,1,
/blog,Blog | Move Maquinas — Conteudo Tecnico sobre Equipamentos Industriais,29,181,15,14,1,
/blog/alugar-ou-comprar,Alugar ou Comprar Empilhadeira: Quando Vale Cada Opção | MoveMáquinas,32,9,16,16,1,
/blog/andaime-vilao-cronograma-obra,Por que Andaime é o Maior Vilão do Cronograma da Sua Obra | MoveMáquinas,32,8,18,14,1,
/blog/andaime-vs-plataforma-custo-real,Andaime vs Plataforma Elevatória: Custo Real por Metro de Obra | MoveMáquinas,38,9,20,18,1,
/blog/plataforma-nr35-responsabilidade,Trabalho em Altura e NR-35: O que o Engenheiro Precisa Garantir | MoveMáquinas,32,11,18,14,1,
/brasilia-df,Aluguel de Equipamentos em Brasília | Movemáquinas,31,73,16,15,1,
/brasilia-df/aluguel-de-empilhadeira-combustao,Locação de Empilhadeira a Combustão em Brasília-DF | Movemáquinas,36,5,22,14,2,
/brasilia-df/aluguel-de-plataforma-elevatoria-articulada,Locação de Plataforma Articulada em Brasília-DF | Movemáquinas,40,7,25,15,2,
/brasilia-df/aluguel-de-plataforma-elevatoria-tesoura,Locação de Plataforma Tesoura em Brasília-DF | Movemáquinas,37,6,23,14,2,
/brasilia-df/aluguel-de-transpaleteira,Locação de Transpaleteira Elétrica em Brasília-DF | Movemáquinas,37,5,23,14,2,
/brasilia-df/curso-de-operador-de-empilhadeira,Curso de Operador de Empilhadeira em Brasília-DF (NR-11) | Movemáquinas,36,9,22,14,2,
/caldas-novas-go,Aluguel de Equipamentos em Caldas Novas | Movemáquinas,33,32,21,12,1,
/caldas-novas-go/aluguel-de-empilhadeira-combustao,Locação de Empilhadeira a Combustão em Caldas Novas-GO | Movemáquinas,41,5,27,14,2,
/caldas-novas-go/aluguel-de-plataforma-elevatoria-articulada,Locação de Plataforma Articulada em Caldas Novas-GO | Movemáquinas,39,6,24,15,2,
/caldas-novas-go/aluguel-de-plataforma-elevatoria-tesoura,Plataforma Tesoura para Locação em Caldas Novas-GO | Movemáquinas,39,5,25,14,2,
/caldas-novas-go/aluguel-de-transpaleteira,Transpaleteira Elétrica para Hotéis e Resorts em Caldas Novas | Movemáquinas,41,5,25,16,2,
/caldas-novas-go/curso-de-operador-de-empilhadeira,Curso de Operador de Empilhadeira NR-11 em Caldas Novas-GO | Movemáquinas,39,9,25,14,2,
/cidades-atendidas,"Cidades Atendidas | Movemáquinas, Empilhadeiras GO",35,259,18,17,2,
/contato,"Contato | Movemáquinas, Empilhadeiras em Goiânia GO",4,86,0,4,0,
/cookies,Politica de Cookies | Move Maquinas,5,84,0,5,0,
/formosa-go,Aluguel de Equipamentos em Formosa | Movemáquinas,33,34,17,16,1,
/formosa-go/aluguel-de-empilhadeira-combustao,Empilhadeira a Combustão para Locação em Formosa-GO | Movemáquinas,41,5,27,14,2,
/formosa-go/aluguel-de-plataforma-elevatoria-articulada,Plataforma Articulada para Locação em Formosa-GO | Movemáquinas,40,6,25,15,2,
/formosa-go/aluguel-de-plataforma-elevatoria-tesoura,Plataforma Tesoura para Locação em Formosa-GO | Movemáquinas,39,5,25,14,2,
/formosa-go/aluguel-de-transpaleteira,Locação de Transpaleteira Elétrica em Formosa-GO | Movemáquinas,41,5,26,15,2,
/formosa-go/curso-de-operador-de-empilhadeira,Curso de Operador de Empilhadeira NR-11 em Formosa-GO | Movemáquinas,39,9,25,14,2,
/goiania-go,Aluguel de Equipamentos em Goiânia | Movemáquinas,33,72,21,12,1,
/goiania-go/aluguel-de-empilhadeira-combustao,Aluguel de Empilhadeira a Combustão em Goiânia | Movemáquinas,38,96,24,14,2,
/goiania-go/aluguel-de-plataforma-elevatoria-articulada,Aluguel de Plataforma Elevatória Articulada em Goiânia | Movemáquinas,37,97,22,15,2,
/goiania-go/aluguel-de-plataforma-elevatoria-tesoura,Aluguel de Plataforma Elevatória Tesoura em Goiânia | Movemáquinas,36,96,22,14,2,
/goiania-go/aluguel-de-transpaleteira,Aluguel de Transpaleteira Elétrica em Goiânia | Movemáquinas,38,96,23,15,2,
/goiania-go/curso-de-operador-de-empilhadeira,Curso de Operador de Empilhadeira em Goiânia (NR-11) | Movemáquinas,36,189,22,14,2,
/inhumas-go,Aluguel de Equipamentos em Inhumas | Movemáquinas,33,46,21,12,1,
/inhumas-go/aluguel-de-empilhadeira-combustao,Empilhadeira a Combustão para Aluguel em Inhumas-GO | Movemáquinas,41,5,27,14,2,
/inhumas-go/aluguel-de-plataforma-elevatoria-articulada,Plataforma Articulada para Locação em Inhumas-GO | Movemáquinas,40,6,25,15,2,
/inhumas-go/aluguel-de-plataforma-elevatoria-tesoura,Plataforma Tesoura para Locação em Inhumas-GO | Movemáquinas,39,5,25,14,2,
/inhumas-go/aluguel-de-transpaleteira,Transpaleteira Elétrica para Locação em Inhumas-GO | Movemáquinas,41,5,25,16,2,
/inhumas-go/curso-de-operador-de-empilhadeira,Curso de Operador de Empilhadeira NR-11 em Inhumas-GO | Movemáquinas,39,9,25,14,2,
/itumbiara-go,Aluguel de Equipamentos em Itumbiara | Movemáquinas,33,35,17,16,1,
/itumbiara-go/aluguel-de-empilhadeira-combustao,Locação de Empilhadeira a Combustão em Itumbiara-GO | Movemáquinas,41,5,27,14,2,
/itumbiara-go/aluguel-de-plataforma-elevatoria-articulada,Plataforma Articulada para Locacao em Itumbiara-GO | Movemáquinas,40,6,20,20,2,
/itumbiara-go/aluguel-de-plataforma-elevatoria-tesoura,Plataforma Tesoura para Locação em Itumbiara-GO | Movemáquinas,39,5,25,14,2,
/itumbiara-go/aluguel-de-transpaleteira,Locação de Transpaleteira Elétrica em Itumbiara-GO | Movemáquinas,41,5,25,16,2,
/itumbiara-go/curso-de-operador-de-empilhadeira,Curso de Operador de Empilhadeira NR-11 em Itumbiara-GO | Movemáquinas,39,9,25,14,2,
/luziania-go,Aluguel de Equipamentos em Luziânia | Movemáquinas,34,59,18,16,1,
/luziania-go/aluguel-de-empilhadeira-combustao,Empilhadeira a Combustão para Alugar em Luziânia-GO | Movemáquinas,41,5,27,14,2,
/luziania-go/aluguel-de-plataforma-elevatoria-articulada,Plataforma Articulada para Locação em Luziânia-GO | Movemáquinas,40,6,24,16,2,
/luziania-go/aluguel-de-plataforma-elevatoria-tesoura,Plataforma Tesoura para Locação em Luziânia-GO | Movemáquinas,39,5,25,14,2,
/luziania-go/aluguel-de-transpaleteira,Locação de Transpaleteira Elétrica em Luziânia-GO | Movemáquinas,41,5,25,16,2,
/luziania-go/curso-de-operador-de-empilhadeira,Curso de Operador de Empilhadeira NR-11 em Luziânia-GO | Movemáquinas,39,9,25,14,2,
/politica-de-privacidade,Politica de Privacidade | Move Maquinas,3,90,0,3,0,
/senador-canedo-go,Aluguel de Equipamentos em Senador Canedo | Movemáquinas,33,64,18,15,1,
/senador-canedo-go/aluguel-de-empilhadeira-combustao,Aluguel de Empilhadeira a Combustão em Senador Canedo | Movemáquinas,32,6,19,13,2,
/senador-canedo-go/aluguel-de-plataforma-elevatoria-articulada,Aluguel de Plataforma Articulada em Senador Canedo | Movemáquinas,32,5,18,14,2,
/senador-canedo-go/aluguel-de-plataforma-elevatoria-tesoura,Aluguel de Plataforma Elevatória Tesoura em Senador Canedo | Movemáquinas,30,6,17,13,2,
/senador-canedo-go/aluguel-de-transpaleteira,Aluguel de Transpaleteira Elétrica em Senador Canedo | Movemáquinas,32,6,19,13,2,
/senador-canedo-go/curso-de-operador-de-empilhadeira,Curso de Operador de Empilhadeira NR-11 em Senador Canedo | Movemáquinas,31,8,18,13,2,
/servicos,Serviços de Locação de Empilhadeiras | Movemáquinas,23,98,15,8,1,
/sobre,Sobre a Movemáquinas | Distribuidora Clark em Goiânia,10,84,3,7,0,
/termos-de-uso,Termos de Uso | Move Maquinas,4,88,0,4,0,
/trabalhe-conosco,Trabalhe Conosco | Move Maquinas — Vagas em Goiania,3,65,0,3,0,
/trindade-go,Aluguel de Equipamentos em Trindade | Movemáquinas,33,45,18,15,1,
/trindade-go/aluguel-de-empilhadeira-combustao,Locação de Empilhadeira a Combustão em Trindade-GO | Movemáquinas,41,6,27,14,2,
/trindade-go/aluguel-de-plataforma-elevatoria-articulada,Plataforma Elevatória Articulada para Locação em Trindade-GO | Movemáquinas,40,7,25,15,2,
/trindade-go/aluguel-de-plataforma-elevatoria-tesoura,Plataforma Tesoura para Locação em Trindade-GO | Movemáquinas,39,5,25,14,2,
/trindade-go/aluguel-de-transpaleteira,Locação de Transpaleteira Elétrica em Trindade-GO | Movemáquinas,41,6,25,16,2,
/trindade-go/curso-de-operador-de-empilhadeira,Curso de Operador de Empilhadeira NR-11 em Trindade-GO | Movemáquinas,39,10,25,14,2,
/uruacu-go,Aluguel de Equipamentos em Uruaçu | Movemáquinas,35,30,19,16,1,
/uruacu-go/aluguel-de-empilhadeira-combustao,Locação de Empilhadeira a Combustão em Uruaçu-GO | Movemáquinas,41,5,27,14,2,
/uruacu-go/aluguel-de-plataforma-elevatoria-articulada,Plataforma Articulada para Locação em Uruaçu-GO | Movemáquinas,40,6,25,15,2,
/uruacu-go/aluguel-de-plataforma-elevatoria-tesoura,Plataforma Tesoura para Locação em Uruaçu-GO | Movemáquinas,39,5,25,14,2,
/uruacu-go/aluguel-de-transpaleteira,Transpaleteira Elétrica para Locação em Uruaçu-GO | Movemáquinas,41,5,25,16,2,
/uruacu-go/curso-de-operador-de-empilhadeira,Curso de Operador de Empilhadeira NR-11 em Uruaçu-GO | Movemáquinas,39,9,25,14,2,
/valparaiso-de-goias-go,Aluguel de Equipamentos em Valparaíso de Goiás | Movemáquinas,33,34,21,12,1,
/valparaiso-de-goias-go/aluguel-de-empilhadeira-combustao,Locação de Empilhadeira a Combustão em Valparaíso de Goiás | Movemáquinas,41,5,27,14,2,
/valparaiso-de-goias-go/aluguel-de-plataforma-elevatoria-articulada,Plataforma Articulada para Locação em Valparaíso de Goiás | Movemáquinas,33,6,18,15,2,
/valparaiso-de-goias-go/aluguel-de-plataforma-elevatoria-tesoura,Plataforma Tesoura para Locação em Valparaíso de Goiás | Movemáquinas,39,5,25,14,2,
/valparaiso-de-goias-go/aluguel-de-transpaleteira,Locação de Transpaleteira Elétrica em Valparaíso de Goiás | Movemáquinas,41,5,25,16,2,
/valparaiso-de-goias-go/curso-de-operador-de-empilhadeira,Curso de Operador de Empilhadeira NR-11 em Valparaíso de Goiás-GO | Movemáquinas,39,9,25,14,2,
/venda-de-maquinas-clark,Empilhadeiras Clark à Venda em Goiânia | Movemáquinas,21,182,10,11,1,
